name,school
Travis Hunter,Jackson State
Travis Hunter,Florida State
Travis Hunter,Alabama
Travis Hunter,Auburn
Travis Hunter,Clemson
Travis Hunter,East Carolina
Travis Hunter,Florida
Travis Hunter,Georgia
Travis Hunter,Georgia Tech
Travis Hunter,Liberty
Travis Hunter,Michigan
Travis Hunter,Oklahoma
Travis Hunter,Ole Miss
Travis Hunter,South Carolina
Travis Hunter,Tennessee
Travis Hunter,Texas
Travis Hunter,UCF
Bear Alexander,Georgia
Earnest Greene,Georgia
Bear Alexander,Alabama
Bear Alexander,Miami
Bear Alexander,Auburn
Bear Alexander,Baylor
Bear Alexander,Colorado
Bear Alexander,Florida
Bear Alexander,Georgia Tech
Bear Alexander,Illinois State
Bear Alexander,Kansas
Bear Alexander,LSU
Bear Alexander,Michigan
Bear Alexander,Minnesota
Bear Alexander,Missouri
Bear Alexander,Nebraska
Bear Alexander,North Carolina
Bear Alexander,Ohio State
Bear Alexander,Oklahoma
Bear Alexander,Oklahoma State
Bear Alexander,Ole Miss
Bear Alexander,Oregon
Bear Alexander,SMU
Bear Alexander,TCU
Bear Alexander,Tennessee
Bear Alexander,Texas
Bear Alexander,Texas A&M
Bear Alexander,USC
Bear Alexander,Utah State
Bear Alexander,Vanderbilt
Earnest Greene,Alabama
Earnest Greene,Ohio State
Earnest Greene,Texas
Earnest Greene,Arizona
Earnest Greene,Arizona State
Earnest Greene,California
Earnest Greene,Colorado
Earnest Greene,Florida
Earnest Greene,Florida State
Earnest Greene,Kansas
Earnest Greene,LSU
Earnest Greene,Miami
Earnest Greene,Michigan
Earnest Greene,Nebraska
Earnest Greene,Oklahoma
Earnest Greene,Oklahoma State
Earnest Greene,Oregon
Earnest Greene,Penn State
Earnest Greene,TCU
Earnest Greene,Texas A&M
Earnest Greene,UCLA
Earnest Greene,USC
Earnest Greene,Utah
Earnest Greene,Washington
Enai White,Texas A&M
Kamari Wilson,Florida
Derrick Moore,Michigan
Sam McCall,Florida State
Enai White,Alabama
Enai White,Florida
Enai White,Georgia
Enai White,Ohio State
Enai White,Arizona State
Enai White,Arkansas
Enai White,Auburn
Enai White,Baylor
Enai White,Bowling Green
Enai White,Cincinnati
Enai White,Clemson
Enai White,Florida State
Enai White,Georgia Tech
Enai White,Iowa State
Enai White,Kent State
Enai White,Kentucky
Enai White,LSU
Enai White,Maryland
Enai White,Massachusetts
Enai White,Miami
Enai White,Michigan
Enai White,Minnesota
Enai White,Morgan State
Enai White,NC State
Enai White,Nebraska
Kamari Wilson,Florida State
Kamari Wilson,Georgia
Kamari Wilson,LSU
Kamari Wilson,Texas A&M
Kamari Wilson,Alabama
Kamari Wilson,Arkansas
Kamari Wilson,Auburn
Kamari Wilson,Cincinnati
Kamari Wilson,Florida A&M
Kamari Wilson,Georgia Tech
Kamari Wilson,Indiana
Kamari Wilson,Maryland
Kamari Wilson,Miami
Kamari Wilson,Michigan
Kamari Wilson,Michigan State
Kamari Wilson,Middle Tennessee State
Kamari Wilson,Mississippi State
Kamari Wilson,Nebraska
Kamari Wilson,Notre Dame
Kamari Wilson,Oklahoma
Kamari Wilson,Ole Miss
Kamari Wilson,Oregon
Kamari Wilson,Penn State
Kamari Wilson,South Carolina
Kamari Wilson,Tennessee
Kamari Wilson,Texas
Kamari Wilson,UAB
Kamari Wilson,UCF
Derrick Moore,Oklahoma
Derrick Moore,Ole Miss
Derrick Moore,Alabama
Derrick Moore,Arizona State
Derrick Moore,Florida
Derrick Moore,Florida State
Derrick Moore,Georgia
Derrick Moore,LSU
Derrick Moore,Maryland
Derrick Moore,Nebraska
Derrick Moore,Notre Dame
Derrick Moore,Ohio State
Derrick Moore,Oregon
Derrick Moore,Penn State
Derrick Moore,South Carolina
Derrick Moore,Tennessee
Derrick Moore,Toledo
Derrick Moore,USC
Derrick Moore,Vanderbilt
Derrick Moore,West Virginia
Derrick Moore,NC State
Sam McCall,Florida
Sam McCall,Alabama
Sam McCall,Arkansas
Sam McCall,Kentucky
Sam McCall,LSU
Sam McCall,Oklahoma
Sam McCall,Penn State
Sam McCall,Samford
Sam McCall,South Carolina
Sam McCall,Southern Miss
Sam McCall,Temple
Sam McCall,Virginia
Sam McCall,Virginia Tech
Sam McCall,West Virginia
Devin Brown,Ohio State
Enai White,Notre Dame
Enai White,Oklahoma
Enai White,Oklahoma State
Enai White,Ole Miss
Enai White,Oregon
Enai White,Oregon State
Enai White,Penn State
Enai White,Pittsburgh
Enai White,Rutgers
Enai White,South Carolina
Enai White,Syracuse
Enai White,Temple
Enai White,Tennessee
Enai White,USC
Enai White,Virginia Tech
Enai White,Washington
Enai White,West Virginia
Kamari Wilson,USC
Kamari Wilson,USF
Kamari Wilson,Virginia Tech
Kamari Wilson,West Virginia
Kamari Wilson,Clemson
Jalon Walker,Georgia
Walker Howard,LSU
Devin Brown,Ole Miss
Devin Brown,Texas
Devin Brown,USC
Devin Brown,Arizona
Devin Brown,Arizona State
Devin Brown,California
Devin Brown,Iowa State
Devin Brown,Michigan State
Devin Brown,NC State
Devin Brown,Northern Arizona
Devin Brown,Northwestern
Devin Brown,Notre Dame
Devin Brown,Oregon State
Devin Brown,UCLA
Devin Brown,Wisconsin
Raleek Brown,USC
Jalon Walker,Alabama
Jalon Walker,Arizona State
Jalon Walker,Arkansas
Jalon Walker,Auburn
Jalon Walker,Campbell
Jalon Walker,Clemson
Jalon Walker,Duke
Jalon Walker,East Carolina
Jalon Walker,Florida State
Jalon Walker,Georgia Tech
Jalon Walker,Howard
Jalon Walker,Kentucky
Jalon Walker,Louisville
Jalon Walker,LSU
Jalon Walker,Miami
Jalon Walker,Michigan State
Jalon Walker,NC State
Jalon Walker,North Carolina
Jalon Walker,Notre Dame
Jalon Walker,Ohio State
Jalon Walker,Old Dominion
Jalon Walker,Oregon
Jalon Walker,South Carolina
Jalon Walker,Tennessee
Jalon Walker,Texas
Jalon Walker,Texas A&M
Jalon Walker,Virginia
Walker Howard,Notre Dame
Walker Howard,Alabama
Walker Howard,Arizona State
Walker Howard,Arkansas
Walker Howard,Baylor
Walker Howard,Boston College
Walker Howard,Colorado
Walker Howard,Florida Atlantic
Walker Howard,Houston
Walker Howard,Louisiana
Walker Howard,Michigan State
Walker Howard,Mississippi State
Walker Howard,NC State
Walker Howard,Nebraska
Walker Howard,Nicholls State
Walker Howard,Ole Miss
Walker Howard,Penn State
Walker Howard,TCU
Walker Howard,Texas A&M
Walker Howard,Tulane
Walker Howard,USC
Raleek Brown,Oklahoma
Raleek Brown,Alabama
Raleek Brown,Arizona
Raleek Brown,Arizona State
Raleek Brown,Arkansas
Raleek Brown,BYU
Raleek Brown,California
Raleek Brown,Florida
Raleek Brown,Florida Atlantic
Raleek Brown,Florida State
Raleek Brown,Fresno State
Raleek Brown,Georgia
Raleek Brown,Howard
Raleek Brown,LSU
Raleek Brown,Miami
Raleek Brown,Michigan
Raleek Brown,Mississippi State
Raleek Brown,Nebraska
Raleek Brown,Oklahoma State
Raleek Brown,Oregon
Raleek Brown,Oregon State
Raleek Brown,Penn State
Raleek Brown,Prairie View A&M
Raleek Brown,San Diego State
Raleek Brown,San Jose State
Raleek Brown,Tennessee
Raleek Brown,Texas
Jalon Walker,Virginia Tech
Jalon Walker,Wake Forest
Raleek Brown,Texas A&M
Raleek Brown,UCLA
Raleek Brown,Utah
Raleek Brown,Utah State
Raleek Brown,UTSA
Raleek Brown,Virginia Tech
Raleek Brown,Washington State
Jacoby Mathews,Texas A&M
Kiyaunta Goodwin,Kentucky
Elijah Pritchett,Alabama
Jacoby Mathews,Florida
Jacoby Mathews,LSU
Jacoby Mathews,Texas
Jacoby Mathews,Alabama
Jacoby Mathews,Arizona State
Jacoby Mathews,Arkansas
Jacoby Mathews,Auburn
Jacoby Mathews,Cincinnati
Jacoby Mathews,Clemson
Jacoby Mathews,Colorado
Jacoby Mathews,Florida State
Jacoby Mathews,Georgia
Jacoby Mathews,Georgia Tech
Jacoby Mathews,Kansas
Jacoby Mathews,Memphis
Jacoby Mathews,Miami
Jacoby Mathews,Michigan
Jacoby Mathews,Michigan State
Jacoby Mathews,Mississippi State
Jacoby Mathews,Nebraska
Jacoby Mathews,Oklahoma
Jacoby Mathews,Ole Miss
Jacoby Mathews,Penn State
Jacoby Mathews,Southeastern Louisiana
Jacoby Mathews,TCU
Jacoby Mathews,Tennessee
Jacoby Mathews,Tulane
Jacoby Mathews,USC
Jacoby Mathews,Utah
Kiyaunta Goodwin,Alabama
Kiyaunta Goodwin,Florida State
Kiyaunta Goodwin,Michigan
Kiyaunta Goodwin,Michigan State
Kiyaunta Goodwin,Texas A&M
Kiyaunta Goodwin,Arizona
Kiyaunta Goodwin,Arizona State
Kiyaunta Goodwin,Arkansas
Kiyaunta Goodwin,Auburn
Kiyaunta Goodwin,Austin Peay
Kiyaunta Goodwin,Boston College
Kiyaunta Goodwin,California
Kiyaunta Goodwin,Cincinnati
Kiyaunta Goodwin,Clemson
Kiyaunta Goodwin,Colorado
Kiyaunta Goodwin,Duke
Kiyaunta Goodwin,Florida
Kiyaunta Goodwin,Florida A&M
Kiyaunta Goodwin,Georgia
Kiyaunta Goodwin,Georgia Tech
Kiyaunta Goodwin,Grambling State
Kiyaunta Goodwin,Howard
Kiyaunta Goodwin,Illinois
Kiyaunta Goodwin,Indiana
Kiyaunta Goodwin,Iowa
Kiyaunta Goodwin,Jackson State
Kiyaunta Goodwin,Kansas
Kiyaunta Goodwin,Kansas State
Elijah Pritchett,Florida State
Elijah Pritchett,Georgia
Elijah Pritchett,USC
Elijah Pritchett,Arizona State
Elijah Pritchett,Arkansas
Elijah Pritchett,Auburn
Elijah Pritchett,Cincinnati
Elijah Pritchett,East Carolina
Elijah Pritchett,Indiana
Elijah Pritchett,Kansas
Elijah Pritchett,Kentucky
Elijah Pritchett,Michigan State
Elijah Pritchett,Mississippi State
Elijah Pritchett,Nebraska
Elijah Pritchett,North Carolina
Elijah Pritchett,Ole Miss
Elijah Pritchett,Oregon
Elijah Pritchett,Penn State
Elijah Pritchett,South Carolina
Elijah Pritchett,Syracuse
Elijah Pritchett,Tennessee
Elijah Pritchett,UCF
Elijah Pritchett,West Virginia
Jacoby Mathews,Virginia
Jacoby Mathews,Arizona
Kiyaunta Goodwin,Louisville
Kiyaunta Goodwin,LSU
Kiyaunta Goodwin,Marshall
Kiyaunta Goodwin,Maryland
Kiyaunta Goodwin,Miami
Kiyaunta Goodwin,Mississippi State
Kiyaunta Goodwin,Missouri
Kiyaunta Goodwin,NC State
Kiyaunta Goodwin,Nebraska
Kiyaunta Goodwin,North Carolina
Kiyaunta Goodwin,Ohio State
Kiyaunta Goodwin,Oklahoma
Kiyaunta Goodwin,Oklahoma State
Kiyaunta Goodwin,Ole Miss
Kiyaunta Goodwin,Oregon
Kiyaunta Goodwin,Oregon State
Kiyaunta Goodwin,Penn State
Kiyaunta Goodwin,Pittsburgh
Kiyaunta Goodwin,Purdue
Kiyaunta Goodwin,Rutgers
Kiyaunta Goodwin,South Carolina
Kiyaunta Goodwin,Syracuse
Kiyaunta Goodwin,Tennessee
Kiyaunta Goodwin,Tennessee State
Kiyaunta Goodwin,Texas
Kiyaunta Goodwin,UAB
Kiyaunta Goodwin,UNLV
Kiyaunta Goodwin,USC
Kiyaunta Goodwin,UT Martin
Kiyaunta Goodwin,Utah
Kiyaunta Goodwin,Vanderbilt
Kiyaunta Goodwin,Virginia Tech
Kiyaunta Goodwin,West Virginia
Kiyaunta Goodwin,Western Kentucky
Will Campbell,LSU
Will Campbell,Alabama
Will Campbell,Arizona State
Will Campbell,Arkansas
Will Campbell,Auburn
Will Campbell,Baylor
Will Campbell,Colorado
Will Campbell,Florida
Will Campbell,Florida Atlantic
Will Campbell,Florida State
Will Campbell,Georgia
Will Campbell,Georgia Tech
Will Campbell,Houston
Will Campbell,Louisiana
Will Campbell,Louisiana Tech
Will Campbell,Louisiana-Monroe
Will Campbell,Maryland
Will Campbell,Miami
Will Campbell,Mississippi State
Will Campbell,Nebraska
Will Campbell,Nicholls State
Will Campbell,Notre Dame
Will Campbell,Oklahoma
Will Campbell,Oklahoma State
Will Campbell,Oregon
Will Campbell,Penn State
Will Campbell,Southern Miss
Will Campbell,TCU
Will Campbell,Tennessee
Will Campbell,Texas
Will Campbell,Texas A&M
Will Campbell,Texas Tech
Will Campbell,Tulane
Will Campbell,USC
Will Campbell,Vanderbilt
Will Campbell,Virginia
Aaron Anderson,Alabama
Aaron Anderson,LSU
Aaron Anderson,Arkansas
Aaron Anderson,Colorado
Aaron Anderson,Florida State
Aaron Anderson,Georgia
Aaron Anderson,Kentucky
Aaron Anderson,Miami
Aaron Anderson,Michigan State
Aaron Anderson,Purdue
Aaron Anderson,Texas
Aaron Anderson,USC
Aaron Anderson,Virginia
Drew Allar,Penn State
Drew Allar,Akron
Drew Allar,Bowling Green
Drew Allar,Central Michigan
Drew Allar,Eastern Michigan
Drew Allar,Georgia Tech
Drew Allar,Illinois
Drew Allar,Indiana
Drew Allar,Iowa
Drew Allar,Iowa State
Drew Allar,Kentucky
Drew Allar,Louisville
Drew Allar,Miami (OH)
Drew Allar,Michigan
Drew Allar,Notre Dame
Drew Allar,Ohio
Drew Allar,Ohio State
Drew Allar,Ole Miss
Drew Allar,Pittsburgh
Drew Allar,South Carolina
Drew Allar,Tennessee
Drew Allar,Texas A&M
Drew Allar,Toledo
Drew Allar,Washington
Drew Allar,Akron
Drew Allar,Michigan State
Drew Allar,Syracuse
Kelvin Banks,Texas
Kelvin Banks,LSU
Kelvin Banks,Oklahoma State
Kelvin Banks,Oregon
Kelvin Banks,Texas A&M
Kelvin Banks,Alabama
Kelvin Banks,Arizona State
Kelvin Banks,Arkansas
Kelvin Banks,Auburn
Kelvin Banks,Baylor
Kelvin Banks,Colorado
Kelvin Banks,Florida
Kelvin Banks,Florida State
Kelvin Banks,Georgia Tech
Kelvin Banks,Houston
Kelvin Banks,Maryland
Kelvin Banks,Miami
Kelvin Banks,Missouri
Kelvin Banks,Oklahoma
Kelvin Banks,Ole Miss
Kelvin Banks,TCU
Kelvin Banks,Tennessee
Kelvin Banks,Texas Tech
Kelvin Banks,USC
Kelvin Banks,Utah
Nick Singleton,Penn State
Nick Singleton,Alabama
Nick Singleton,Notre Dame
Nick Singleton,Texas A&M
Nick Singleton,Wisconsin
Nick Singleton,Arizona State
Nick Singleton,Auburn
Nick Singleton,Boston College
Nick Singleton,Connecticut
Nick Singleton,Duke
Nick Singleton,Florida
Nick Singleton,Florida State
Nick Singleton,Iowa State
Nick Singleton,Louisville
Nick Singleton,Maryland
Nick Singleton,Michigan
Nick Singleton,Michigan State
Nick Singleton,NC State
Nick Singleton,North Carolina
Nick Singleton,Northwestern
Nick Singleton,Ohio State
Nick Singleton,Ole Miss
Nick Singleton,Pittsburgh
Nick Singleton,Rutgers
Nick Singleton,South Carolina
Nick Singleton,Syracuse
Nick Singleton,Temple
Nick Singleton,Tennessee
Nick Singleton,USC
Nick Singleton,Vanderbilt
Jeadyn Lukus,Clemson
Nick Singleton,Virginia
Nick Singleton,Virginia Tech
Nick Singleton,West Virginia
Nick Singleton,William & Mary
Jeadyn Lukus,North Carolina
Jeadyn Lukus,Alabama
Jeadyn Lukus,Appalachian State
Jeadyn Lukus,Arkansas
Jeadyn Lukus,Auburn
Jeadyn Lukus,Duke
Jeadyn Lukus,Florida
Jeadyn Lukus,Florida State
Jeadyn Lukus,Georgia
Jeadyn Lukus,Georgia Tech
Jeadyn Lukus,Kentucky
Jeadyn Lukus,LSU
Jeadyn Lukus,Michigan
Jeadyn Lukus,Michigan State
Jeadyn Lukus,Notre Dame
Jeadyn Lukus,Ohio State
Jeadyn Lukus,Oklahoma
Jeadyn Lukus,Ole Miss
Jeadyn Lukus,Penn State
Jeadyn Lukus,South Carolina
Jeadyn Lukus,Tennessee
Jeadyn Lukus,Texas Tech
Jeadyn Lukus,Virginia Tech
Jeadyn Lukus,West Virginia
Dani Dennis-Sutton,Penn State
Dani Dennis-Sutton,Alabama
Dani Dennis-Sutton,Georgia
Dani Dennis-Sutton,Arizona State
Dani Dennis-Sutton,Arkansas
Dani Dennis-Sutton,Auburn
Dani Dennis-Sutton,Boston College
Dani Dennis-Sutton,Duke
Dani Dennis-Sutton,Florida
Dani Dennis-Sutton,Florida State
Dani Dennis-Sutton,Maryland
Dani Dennis-Sutton,Massachusetts
Dani Dennis-Sutton,Michigan
Dani Dennis-Sutton,Michigan State
Dani Dennis-Sutton,Nebraska
Dani Dennis-Sutton,Notre Dame
Dani Dennis-Sutton,Oklahoma
Dani Dennis-Sutton,Pittsburgh
Dani Dennis-Sutton,Tennessee
Dani Dennis-Sutton,Texas A&M
Dani Dennis-Sutton,USC
Dani Dennis-Sutton,Virginia
Dani Dennis-Sutton,Virginia Tech
Dani Dennis-Sutton,West Virginia
Dani Dennis-Sutton,Rutgers
Ty Simpson,Alabama
Ty Simpson,Arizona State
Ty Simpson,Arkansas
Ty Simpson,Auburn
Ty Simpson,Baylor
Ty Simpson,Clemson
Ty Simpson,Duke
Ty Simpson,Florida
Ty Simpson,Florida State
Ty Simpson,Georgia
Ty Simpson,Georgia Tech
Ty Simpson,Indiana
Ty Simpson,Kansas
Ty Simpson,Kentucky
Ty Simpson,Louisville
Ty Simpson,LSU
Ty Simpson,Memphis
Ty Simpson,Michigan
Ty Simpson,Mississippi State
Ty Simpson,Missouri
Ty Simpson,NC State
Ty Simpson,Nebraska
Ty Simpson,North Carolina
Ty Simpson,Notre Dame
Ty Simpson,Oklahoma
Ty Simpson,Oklahoma State
Ty Simpson,Ole Miss
Ty Simpson,Oregon
Ty Simpson,Penn State
Ty Simpson,Tennessee
Ty Simpson,Texas
Ty Simpson,Texas A&M
Ty Simpson,USC
Ty Simpson,UT Martin
Ty Simpson,Vanderbilt
Ty Simpson,Virginia Tech
Ty Simpson,West Virginia
Ty Simpson,South Carolina
Chris Marshall,Texas A&M
Chris Marshall,USC
Chris Marshall,Alabama
Chris Marshall,Arizona State
Chris Marshall,Arkansas
Chris Marshall,Auburn
Chris Marshall,Baylor
Chris Marshall,Cincinnati
Chris Marshall,Houston
Chris Marshall,Jackson State
Chris Marshall,Kansas
Chris Marshall,Louisiana Tech
Chris Marshall,LSU
Chris Marshall,Missouri
Chris Marshall,Oklahoma State
Chris Marshall,Ole Miss
Chris Marshall,Oregon
Chris Marshall,SMU
Chris Marshall,TCU
Chris Marshall,Tennessee
Chris Marshall,Texas
Chris Marshall,Texas Tech
Chris Marshall,Utah
Chris Marshall,UTSA
Jaheim Singletary,Georgia
Jaheim Singletary,Ohio State
Jaheim Singletary,Arizona State
Jaheim Singletary,Auburn
Jaheim Singletary,Charlotte
Jaheim Singletary,Cincinnati
Jaheim Singletary,Clemson
Jaheim Singletary,Duke
Jaheim Singletary,Florida
Jaheim Singletary,Florida State
Jaheim Singletary,Georgia Tech
Jaheim Singletary,Indiana
Jaheim Singletary,LSU
Jaheim Singletary,Maryland
Jaheim Singletary,Miami
Jaheim Singletary,Michigan
Jaheim Singletary,Nebraska
Jaheim Singletary,Ole Miss
Jaheim Singletary,Oregon
Jaheim Singletary,Penn State
Jaheim Singletary,Savannah State
Jaheim Singletary,South Carolina
Jaheim Singletary,Tennessee
Jaheim Singletary,Texas A&M
Jaheim Singletary,UCF
Jaheim Singletary,USC
Jaheim Singletary,Virginia
Jaheim Singletary,Virginia Tech
Jaheim Singletary,Washington
Daylen Everette,Georgia
Daylen Everette,Alabama
Daylen Everette,Clemson
Daylen Everette,Florida State
Daylen Everette,North Carolina
Daylen Everette,Arizona State
Daylen Everette,Arkansas
Daylen Everette,Cincinnati
Daylen Everette,East Carolina
Daylen Everette,Florida
Daylen Everette,Georgia Tech
Daylen Everette,LSU
Daylen Everette,Maryland
Daylen Everette,Miami
Daylen Everette,Michigan
Daylen Everette,Michigan State
Daylen Everette,Notre Dame
Daylen Everette,Oklahoma
Daylen Everette,Ole Miss
Daylen Everette,Oregon
Daylen Everette,Penn State
Daylen Everette,Pittsburgh
Daylen Everette,South Carolina
Daylen Everette,Tennessee
Daylen Everette,Texas A&M
Daylen Everette,UCF
Daylen Everette,Virginia
Daylen Everette,Virginia Tech
Daylen Everette,Virginia Tech
Daylen Everette,Liberty
Daylen Everette,NC State
Denver Harris,Texas A&M
Denver Harris,Alabama
Denver Harris,LSU
Denver Harris,Texas
Denver Harris,Arkansas
Denver Harris,Auburn
Denver Harris,Baylor
Denver Harris,Clemson
Denver Harris,Colorado
Denver Harris,Florida
Denver Harris,Florida State
Denver Harris,Georgia
Denver Harris,Georgia Tech
Denver Harris,Houston
Denver Harris,Howard
Denver Harris,Kansas State
Denver Harris,Memphis
Denver Harris,Miami
Denver Harris,Michigan
Denver Harris,Michigan State
Denver Harris,Mississippi State
Denver Harris,Notre Dame
Denver Harris,Ohio State
Denver Harris,Oklahoma
Denver Harris,Oklahoma State
Denver Harris,Ole Miss
Denver Harris,Oregon
Denver Harris,Penn State
Denver Harris,SMU
Denver Harris,Syracuse
Conner Weigman,Texas A&M
Denver Harris,TCU
Denver Harris,Tennessee
Denver Harris,Texas Tech
Denver Harris,Tulsa
Denver Harris,USC
Denver Harris,Utah
Denver Harris,UTSA
Denver Harris,Virginia Tech
Denver Harris,Arizona
Conner Weigman,Arkansas
Conner Weigman,Auburn
Conner Weigman,Baylor
Conner Weigman,Colorado
Conner Weigman,Florida
Conner Weigman,Houston
Conner Weigman,Michigan State
Conner Weigman,Minnesota
Conner Weigman,Missouri
Conner Weigman,Oklahoma
Conner Weigman,Oklahoma State
Conner Weigman,Ole Miss
Conner Weigman,Pittsburgh
Conner Weigman,SMU
Conner Weigman,TCU
Conner Weigman,Tulsa
Conner Weigman,Utah
Conner Weigman,Virginia Tech
Conner Weigman,Texas
Jihaad Campbell,Alabama
Jihaad Campbell,Clemson
Jihaad Campbell,Florida
Jihaad Campbell,Georgia
Jihaad Campbell,Ohio State
Jihaad Campbell,Texas A&M
Jihaad Campbell,Auburn
Jihaad Campbell,Boston College
Jihaad Campbell,Buffalo
Jihaad Campbell,Florida State
Jihaad Campbell,Kentucky
Jihaad Campbell,Louisville
Jihaad Campbell,LSU
Jihaad Campbell,Maryland
Jihaad Campbell,Miami
Jihaad Campbell,Michigan
Jihaad Campbell,Michigan State
Jihaad Campbell,Oklahoma
Jihaad Campbell,Ole Miss
Jihaad Campbell,Oregon
Jihaad Campbell,Penn State
Jihaad Campbell,Pittsburgh
Jihaad Campbell,Rutgers
Jihaad Campbell,South Carolina
Jihaad Campbell,Syracuse
Jihaad Campbell,Temple
Jihaad Campbell,Tennessee
Jihaad Campbell,Texas
Jihaad Campbell,UCF
Jihaad Campbell,Virginia
Jihaad Campbell,Virginia Tech
Jihaad Campbell,West Virginia
Travis Shaw,North Carolina
Travis Shaw,Georgia
Travis Shaw,Alabama
Travis Shaw,Arizona State
Travis Shaw,Arkansas
Travis Shaw,Auburn
Travis Shaw,Clemson
Travis Shaw,Duke
Travis Shaw,Florida
Travis Shaw,Florida State
Travis Shaw,Kentucky
Travis Shaw,Louisville
Travis Shaw,LSU
Travis Shaw,Maryland
Travis Shaw,NC State
Travis Shaw,North Carolina A&T
Travis Shaw,Ohio State
Travis Shaw,Oklahoma
Travis Shaw,Ole Miss
Travis Shaw,Oregon
Travis Shaw,Penn State
Travis Shaw,South Carolina
Travis Shaw,Tennessee
Travis Shaw,USC
Travis Shaw,Virginia
Travis Shaw,Virginia Tech
Travis Shaw,West Virginia
Travis Shaw,Wisconsin
Emmanuel Henderson,Alabama
Emmanuel Henderson,Arkansas
Emmanuel Henderson,Auburn
Emmanuel Henderson,Clemson
Emmanuel Henderson,Florida State
Emmanuel Henderson,Georgia
Emmanuel Henderson,Louisville
Emmanuel Henderson,Michigan
Emmanuel Henderson,Notre Dame
Emmanuel Henderson,Oklahoma
Emmanuel Henderson,Ole Miss
Emmanuel Henderson,Penn State
Emmanuel Henderson,South Carolina
Emmanuel Henderson,Tennessee
Emmanuel Henderson,Texas A&M
Emmanuel Henderson,USC
Emmanuel Henderson,Vanderbilt
Jaylen Sneed,Notre Dame
Jaylen Sneed,Oregon
Jaylen Sneed,Alabama
Jaylen Sneed,Arkansas
Jaylen Sneed,Auburn
Jaylen Sneed,Cincinnati
Jaylen Sneed,Duke
Jaylen Sneed,Florida
Jaylen Sneed,Florida State
Jaylen Sneed,Georgia Southern
Jaylen Sneed,Georgia Tech
Jaylen Sneed,Illinois
Jaylen Sneed,Indiana
Jaylen Sneed,Iowa State
Jaylen Sneed,Kentucky
Jaylen Sneed,Louisville
Jaylen Sneed,Marshall
Jaylen Sneed,Michigan
Jaylen Sneed,Michigan State
Jaylen Sneed,Middle Tennessee State
Jaylen Sneed,NC State
Jaylen Sneed,North Carolina
Jaylen Sneed,Oklahoma
Jaylen Sneed,South Carolina
Jaylen Sneed,Syracuse
Jaylen Sneed,Tennessee
Jaylen Sneed,Texas
Jaylen Sneed,Texas A&M
Jaylen Sneed,Toledo
Jaylen Sneed,UCF
Jaylen Sneed,USC
Jaylen Sneed,USF
Jaylen Sneed,Virginia
Jaylen Sneed,Virginia Tech
Jaylen Sneed,Wake Forest
Jaylen Sneed,West Virginia
Marvin Jones Jr.,Georgia
Marvin Jones Jr.,Alabama
Marvin Jones Jr.,Florida State
Marvin Jones Jr.,Oklahoma
Marvin Jones Jr.,USC
Marvin Jones Jr.,Arizona State
Marvin Jones Jr.,Auburn
Marvin Jones Jr.,Baylor
Marvin Jones Jr.,Cincinnati
Marvin Jones Jr.,Clemson
Marvin Jones Jr.,Florida
Marvin Jones Jr.,Georgia Tech
Marvin Jones Jr.,Kansas State
Marvin Jones Jr.,Louisville
Marvin Jones Jr.,Miami
Marvin Jones Jr.,Michigan
Marvin Jones Jr.,Minnesota
Marvin Jones Jr.,Ohio State
Marvin Jones Jr.,Ole Miss
Marvin Jones Jr.,Oregon
Marvin Jones Jr.,Penn State
Marvin Jones Jr.,Pittsburgh
Marvin Jones Jr.,Southern Miss
Marvin Jones Jr.,Syracuse
Marvin Jones Jr.,Tennessee
Marvin Jones Jr.,Texas
Marvin Jones Jr.,Texas A&M
Marvin Jones Jr.,Toledo
Marvin Jones Jr.,UCF
Marvin Jones Jr.,Utah
Marvin Jones Jr.,Vanderbilt
Marvin Jones Jr.,Washington State
Marvin Jones Jr.,West Virginia
Marvin Jones Jr.,Rutgers
name,school
Sam McCall,Florida State
Kamari Wilson,Florida
Derrick Moore,Michigan
Jalon Walker,Georgia
Jalon Walker,Alabama
Jalon Walker,Arizona State
Jalon Walker,Arkansas
Earnest Greene,Georgia
Enai White,Texas A&M
Bear Alexander,Georgia
Sam McCall,Florida
Sam McCall,Alabama
Sam McCall,Arkansas
Sam McCall,Kentucky
Sam McCall,LSU
Sam McCall,Oklahoma
Sam McCall,Penn State
Sam McCall,Samford
Sam McCall,South Carolina
Sam McCall,Southern Miss
Sam McCall,Temple
Sam McCall,Virginia
Sam McCall,Virginia Tech
Sam McCall,West Virginia
Kamari Wilson,Florida State
Kamari Wilson,Georgia
Kamari Wilson,LSU
Kamari Wilson,Texas A&M
Kamari Wilson,Alabama
Kamari Wilson,Arkansas
Kamari Wilson,Auburn
Kamari Wilson,Cincinnati
Kamari Wilson,Florida A&M
Kamari Wilson,Georgia Tech
Kamari Wilson,Indiana
Kamari Wilson,Maryland
Kamari Wilson,Miami
Kamari Wilson,Michigan
Kamari Wilson,Michigan State
Kamari Wilson,Middle Tennessee State
Kamari Wilson,Mississippi State
Kamari Wilson,Nebraska
Kamari Wilson,Notre Dame
Kamari Wilson,Oklahoma
Kamari Wilson,Ole Miss
Kamari Wilson,Oregon
Kamari Wilson,Penn State
Kamari Wilson,South Carolina
Kamari Wilson,Tennessee
Derrick Moore,Oklahoma
Derrick Moore,Ole Miss
Derrick Moore,Alabama
Derrick Moore,Arizona State
Derrick Moore,Florida
Derrick Moore,Florida State
Derrick Moore,Georgia
Derrick Moore,LSU
Derrick Moore,Maryland
Derrick Moore,Nebraska
Derrick Moore,Notre Dame
Derrick Moore,Ohio State
Derrick Moore,Oregon
Derrick Moore,Penn State
Derrick Moore,South Carolina
Derrick Moore,Tennessee
Derrick Moore,Toledo
Derrick Moore,USC
Derrick Moore,Vanderbilt
Derrick Moore,West Virginia
Derrick Moore,NC State
Jalon Walker,Auburn
Jalon Walker,Campbell
Jalon Walker,Clemson
Jalon Walker,Duke
Jalon Walker,East Carolina
Jalon Walker,Florida State
Jalon Walker,Georgia Tech
Jalon Walker,Howard
Jalon Walker,Kentucky
Jalon Walker,Louisville
Jalon Walker,LSU
Jalon Walker,Miami
Jalon Walker,Michigan State
Jalon Walker,NC State
Jalon Walker,North Carolina
Jalon Walker,Notre Dame
Jalon Walker,Ohio State
Jalon Walker,Old Dominion
Jalon Walker,Oregon
Jalon Walker,South Carolina
Jalon Walker,Tennessee
Jalon Walker,Texas
Jalon Walker,Texas A&M
Jalon Walker,Virginia
Jalon Walker,Virginia Tech
Jalon Walker,Wake Forest
Earnest Greene,Alabama
Earnest Greene,Ohio State
Earnest Greene,Texas
Earnest Greene,Arizona
Earnest Greene,Arizona State
Earnest Greene,California
Earnest Greene,Colorado
Earnest Greene,Florida
Earnest Greene,Florida State
Earnest Greene,Kansas
Earnest Greene,LSU
Earnest Greene,Miami
Earnest Greene,Michigan
Earnest Greene,Nebraska
Earnest Greene,Oklahoma
Earnest Greene,Oklahoma State
Earnest Greene,Oregon
Earnest Greene,Penn State
Earnest Greene,TCU
Earnest Greene,Texas A&M
Earnest Greene,UCLA
Earnest Greene,USC
Earnest Greene,Utah
Earnest Greene,Washington
Devin Brown,Ohio State
Raleek Brown,USC
Enai White,Alabama
Enai White,Florida
Enai White,Georgia
Enai White,Ohio State
Enai White,Arizona State
Enai White,Arkansas
Enai White,Auburn
Enai White,Baylor
Enai White,Bowling Green
Enai White,Cincinnati
Enai White,Clemson
Enai White,Florida State
Enai White,Georgia Tech
Enai White,Iowa State
Enai White,Kent State
Enai White,Kentucky
Enai White,LSU
Enai White,Maryland
Enai White,Massachusetts
Enai White,Miami
Enai White,Michigan
Enai White,Minnesota
Enai White,Morgan State
Enai White,NC State
Enai White,Nebraska
Enai White,Notre Dame
Enai White,Oklahoma
Emmanuel Henderson,Alabama
Bear Alexander,Alabama
Bear Alexander,Miami
Bear Alexander,Auburn
Bear Alexander,Baylor
Bear Alexander,Colorado
Bear Alexander,Florida
Bear Alexander,Georgia Tech
Bear Alexander,Illinois State
Bear Alexander,Kansas
Bear Alexander,LSU
Bear Alexander,Michigan
Bear Alexander,Minnesota
Bear Alexander,Missouri
Bear Alexander,Nebraska
Bear Alexander,North Carolina
Bear Alexander,Ohio State
Bear Alexander,Oklahoma
Bear Alexander,Oklahoma State
Bear Alexander,Ole Miss
Bear Alexander,Oregon
Bear Alexander,SMU
Bear Alexander,TCU
Bear Alexander,Tennessee
Bear Alexander,Texas
Bear Alexander,Texas A&M
Bear Alexander,USC
Bear Alexander,Utah State
Bear Alexander,Vanderbilt
Walker Howard,LSU
Kamari Wilson,Texas
Kamari Wilson,UAB
Kamari Wilson,UCF
Kamari Wilson,USC
Kamari Wilson,USF
Kamari Wilson,Virginia Tech
Kamari Wilson,West Virginia
Kamari Wilson,Clemson
Jacoby Mathews,Texas A&M
Devin Brown,Ole Miss
Devin Brown,Texas
Devin Brown,USC
Devin Brown,Arizona
Devin Brown,Arizona State
Devin Brown,California
Devin Brown,Iowa State
Devin Brown,Michigan State
Devin Brown,NC State
Devin Brown,Northern Arizona
Devin Brown,Northwestern
Devin Brown,Notre Dame
Devin Brown,Oregon State
Devin Brown,UCLA
Devin Brown,Wisconsin
Raleek Brown,Oklahoma
Raleek Brown,Alabama
Raleek Brown,Arizona
Raleek Brown,Arizona State
Raleek Brown,Arkansas
Raleek Brown,BYU
Raleek Brown,California
Raleek Brown,Florida
Raleek Brown,Florida Atlantic
Raleek Brown,Florida State
Raleek Brown,Fresno State
Raleek Brown,Georgia
Raleek Brown,Howard
Raleek Brown,LSU
Raleek Brown,Miami
Raleek Brown,Michigan
Raleek Brown,Mississippi State
Raleek Brown,Nebraska
Raleek Brown,Oklahoma State
Raleek Brown,Oregon
Raleek Brown,Oregon State
Raleek Brown,Penn State
Raleek Brown,Prairie View A&M
Raleek Brown,San Diego State
Raleek Brown,San Jose State
Raleek Brown,Tennessee
Raleek Brown,Texas
Raleek Brown,Texas A&M
Enai White,Oklahoma State
Enai White,Ole Miss
Enai White,Oregon
Enai White,Oregon State
Enai White,Penn State
Enai White,Pittsburgh
Enai White,Rutgers
Enai White,South Carolina
Enai White,Syracuse
Enai White,Temple
Enai White,Tennessee
Enai White,USC
Enai White,Virginia Tech
Enai White,Washington
Enai White,West Virginia
Emmanuel Henderson,Arkansas
Emmanuel Henderson,Auburn
Emmanuel Henderson,Clemson
Emmanuel Henderson,Florida State
Emmanuel Henderson,Georgia
Emmanuel Henderson,Louisville
Emmanuel Henderson,Michigan
Emmanuel Henderson,Notre Dame
Emmanuel Henderson,Oklahoma
Emmanuel Henderson,Ole Miss
Emmanuel Henderson,Penn State
Emmanuel Henderson,South Carolina
Emmanuel Henderson,Tennessee
Emmanuel Henderson,Texas A&M
Emmanuel Henderson,USC
Emmanuel Henderson,Vanderbilt
Walker Howard,Notre Dame
Walker Howard,Alabama
Walker Howard,Arizona State
Walker Howard,Arkansas
Walker Howard,Baylor
Walker Howard,Boston College
Walker Howard,Colorado
Walker Howard,Florida Atlantic
Walker Howard,Houston
Walker Howard,Louisiana
Walker Howard,Michigan State
Walker Howard,Mississippi State
Walker Howard,NC State
Walker Howard,Nebraska
Walker Howard,Nicholls State
Walker Howard,Ole Miss
Walker Howard,Penn State
Walker Howard,TCU
Walker Howard,Texas A&M
Walker Howard,Tulane
Walker Howard,USC
Aaron Anderson,Alabama
Kiyaunta Goodwin,Kentucky
Elijah Pritchett,Alabama
Jaylen Sneed,Notre Dame
Jaylen Sneed,Oregon
Jaylen Sneed,Alabama
Will Campbell,LSU
Drew Allar,Penn State
Jacoby Mathews,Florida
Jacoby Mathews,LSU
Jacoby Mathews,Texas
Jacoby Mathews,Alabama
Jacoby Mathews,Arizona State
Jacoby Mathews,Arkansas
Jacoby Mathews,Auburn
Jacoby Mathews,Cincinnati
Jacoby Mathews,Clemson
Jacoby Mathews,Colorado
Jacoby Mathews,Florida State
Jacoby Mathews,Georgia
Jacoby Mathews,Georgia Tech
Jacoby Mathews,Kansas
Jacoby Mathews,Memphis
Jacoby Mathews,Miami
Jacoby Mathews,Michigan
Jacoby Mathews,Michigan State
Jacoby Mathews,Mississippi State
Jacoby Mathews,Nebraska
Jacoby Mathews,Oklahoma
Jacoby Mathews,Ole Miss
Jacoby Mathews,Penn State
Jacoby Mathews,Southeastern Louisiana
Jacoby Mathews,TCU
Jacoby Mathews,Tennessee
Jacoby Mathews,Tulane
Jacoby Mathews,USC
Raleek Brown,UCLA
Raleek Brown,Utah
Raleek Brown,Utah State
Raleek Brown,UTSA
Raleek Brown,Virginia Tech
Raleek Brown,Washington State
Aaron Anderson,LSU
Aaron Anderson,Arkansas
Aaron Anderson,Colorado
Aaron Anderson,Florida State
Aaron Anderson,Georgia
Aaron Anderson,Kentucky
Aaron Anderson,Miami
Aaron Anderson,Michigan State
Aaron Anderson,Purdue
Aaron Anderson,Texas
Aaron Anderson,USC
Aaron Anderson,Virginia
Kiyaunta Goodwin,Alabama
Kiyaunta Goodwin,Florida State
Kiyaunta Goodwin,Michigan
Kiyaunta Goodwin,Michigan State
Kiyaunta Goodwin,Texas A&M
Kiyaunta Goodwin,Arizona
Kiyaunta Goodwin,Arizona State
Kiyaunta Goodwin,Arkansas
Kiyaunta Goodwin,Auburn
Kiyaunta Goodwin,Austin Peay
Kiyaunta Goodwin,Boston College
Kiyaunta Goodwin,California
Kiyaunta Goodwin,Cincinnati
Kiyaunta Goodwin,Clemson
Kiyaunta Goodwin,Colorado
Kiyaunta Goodwin,Duke
Kiyaunta Goodwin,Florida
Kiyaunta Goodwin,Florida A&M
Kiyaunta Goodwin,Georgia
Kiyaunta Goodwin,Georgia Tech
Kiyaunta Goodwin,Grambling State
Kiyaunta Goodwin,Howard
Kiyaunta Goodwin,Illinois
Kiyaunta Goodwin,Indiana
Kiyaunta Goodwin,Iowa
Kiyaunta Goodwin,Jackson State
Kiyaunta Goodwin,Kansas
Elijah Pritchett,Florida State
Elijah Pritchett,Georgia
Elijah Pritchett,USC
Elijah Pritchett,Arizona State
Elijah Pritchett,Arkansas
Elijah Pritchett,Auburn
Elijah Pritchett,Cincinnati
Elijah Pritchett,East Carolina
Elijah Pritchett,Indiana
Elijah Pritchett,Kansas
Elijah Pritchett,Kentucky
Elijah Pritchett,Michigan State
Elijah Pritchett,Mississippi State
Elijah Pritchett,Nebraska
Elijah Pritchett,North Carolina
Elijah Pritchett,Ole Miss
Elijah Pritchett,Oregon
Elijah Pritchett,Penn State
Elijah Pritchett,South Carolina
Elijah Pritchett,Syracuse
Elijah Pritchett,Tennessee
Elijah Pritchett,UCF
Elijah Pritchett,West Virginia
Jaylen Sneed,Arkansas
Jaylen Sneed,Auburn
Jaylen Sneed,Cincinnati
Jaylen Sneed,Duke
Jaylen Sneed,Florida
Jaylen Sneed,Florida State
Jaylen Sneed,Georgia Southern
Jaylen Sneed,Georgia Tech
Jaylen Sneed,Illinois
Jaylen Sneed,Indiana
Jaylen Sneed,Iowa State
Jaylen Sneed,Kentucky
Jaylen Sneed,Louisville
Jaylen Sneed,Marshall
Jaylen Sneed,Michigan
Jaylen Sneed,Michigan State
Jaylen Sneed,Middle Tennessee State
Jaylen Sneed,NC State
Jaylen Sneed,North Carolina
Jaylen Sneed,Oklahoma
Jaylen Sneed,South Carolina
Jaylen Sneed,Syracuse
Jaylen Sneed,Tennessee
Jaylen Sneed,Texas
Jaylen Sneed,Texas A&M
Jaylen Sneed,Toledo
Jaylen Sneed,UCF
Jaylen Sneed,USC
Will Campbell,Alabama
Will Campbell,Arizona State
Will Campbell,Arkansas
Will Campbell,Auburn
Will Campbell,Baylor
Will Campbell,Colorado
Will Campbell,Florida
Will Campbell,Florida Atlantic
Will Campbell,Florida State
Will Campbell,Georgia
Will Campbell,Georgia Tech
Will Campbell,Houston
Will Campbell,Louisiana
Will Campbell,Louisiana Tech
Will Campbell,Louisiana-Monroe
Will Campbell,Maryland
Will Campbell,Miami
Will Campbell,Mississippi State
Will Campbell,Nebraska
Will Campbell,Nicholls State
Will Campbell,Notre Dame
Will Campbell,Oklahoma
Will Campbell,Oklahoma State
Will Campbell,Oregon
Will Campbell,Penn State
Will Campbell,Southern Miss
Will Campbell,TCU
Jacoby Mathews,Utah
Jacoby Mathews,Virginia
Jacoby Mathews,Arizona
Drew Allar,Akron
Drew Allar,Bowling Green
Drew Allar,Central Michigan
Drew Allar,Eastern Michigan
Drew Allar,Georgia Tech
Drew Allar,Illinois
Drew Allar,Indiana
Drew Allar,Iowa
Drew Allar,Iowa State
Drew Allar,Kentucky
Drew Allar,Louisville
Drew Allar,Miami (OH)
Drew Allar,Michigan
Drew Allar,Notre Dame
Drew Allar,Ohio
Drew Allar,Ohio State
Drew Allar,Ole Miss
Drew Allar,Pittsburgh
Drew Allar,South Carolina
Drew Allar,Tennessee
Drew Allar,Texas A&M
Drew Allar,Toledo
Drew Allar,Washington
Drew Allar,Akron
Drew Allar,Michigan State
Drew Allar,Syracuse
Kelvin Banks,Texas
Nick Singleton,Penn State
Kiyaunta Goodwin,Kansas State
Kiyaunta Goodwin,Louisville
Kiyaunta Goodwin,LSU
Kiyaunta Goodwin,Marshall
Kiyaunta Goodwin,Maryland
Kiyaunta Goodwin,Miami
Kiyaunta Goodwin,Mississippi State
Kiyaunta Goodwin,Missouri
Kiyaunta Goodwin,NC State
Kiyaunta Goodwin,Nebraska
Kiyaunta Goodwin,North Carolina
Kiyaunta Goodwin,Ohio State
Kiyaunta Goodwin,Oklahoma
Kiyaunta Goodwin,Oklahoma State
Kiyaunta Goodwin,Ole Miss
Kiyaunta Goodwin,Oregon
Kiyaunta Goodwin,Oregon State
Kiyaunta Goodwin,Penn State
Kiyaunta Goodwin,Pittsburgh
Kiyaunta Goodwin,Purdue
Kiyaunta Goodwin,Rutgers
Kiyaunta Goodwin,South Carolina
Kiyaunta Goodwin,Syracuse
Kiyaunta Goodwin,Tennessee
Kiyaunta Goodwin,Tennessee State
Kiyaunta Goodwin,Texas
Kiyaunta Goodwin,UAB
Kiyaunta Goodwin,UNLV
Kiyaunta Goodwin,USC
Jaylen Sneed,USF
Jaylen Sneed,Virginia
Jaylen Sneed,Virginia Tech
Jaylen Sneed,Wake Forest
Jaylen Sneed,West Virginia
Will Campbell,Tennessee
Will Campbell,Texas
Will Campbell,Texas A&M
Will Campbell,Texas Tech
Will Campbell,Tulane
Will Campbell,USC
Will Campbell,Vanderbilt
Will Campbell,Virginia
Kelvin Banks,LSU
Kelvin Banks,Oklahoma State
Kelvin Banks,Oregon
Kelvin Banks,Texas A&M
Kelvin Banks,Alabama
Kelvin Banks,Arizona State
Kelvin Banks,Arkansas
Kelvin Banks,Auburn
Kelvin Banks,Baylor
Kelvin Banks,Colorado
Kelvin Banks,Florida
Kelvin Banks,Florida State
Kelvin Banks,Georgia Tech
Kelvin Banks,Houston
Kelvin Banks,Maryland
Kelvin Banks,Miami
Kelvin Banks,Missouri
Kelvin Banks,Oklahoma
Kelvin Banks,Ole Miss
Kelvin Banks,TCU
Kelvin Banks,Tennessee
Kelvin Banks,Texas Tech
Kelvin Banks,USC
Kelvin Banks,Utah
Nick Singleton,Alabama
Nick Singleton,Notre Dame
Nick Singleton,Texas A&M
Nick Singleton,Wisconsin
Nick Singleton,Arizona State
Nick Singleton,Auburn
Nick Singleton,Boston College
Nick Singleton,Connecticut
Nick Singleton,Duke
Nick Singleton,Florida
Nick Singleton,Florida State
Nick Singleton,Iowa State
Nick Singleton,Louisville
Nick Singleton,Maryland
Nick Singleton,Michigan
Nick Singleton,Michigan State
Nick Singleton,NC State
Nick Singleton,North Carolina
Nick Singleton,Northwestern
Nick Singleton,Ohio State
Nick Singleton,Ole Miss
Nick Singleton,Pittsburgh
Nick Singleton,Rutgers
Nick Singleton,South Carolina
Nick Singleton,Syracuse
Nick Singleton,Temple
Nick Singleton,Tennessee
Kiyaunta Goodwin,UT Martin
Kiyaunta Goodwin,Utah
Kiyaunta Goodwin,Vanderbilt
Kiyaunta Goodwin,Virginia Tech
Kiyaunta Goodwin,West Virginia
Kiyaunta Goodwin,Western Kentucky
Nick Singleton,USC
Nick Singleton,Vanderbilt
Nick Singleton,Virginia
Nick Singleton,Virginia Tech
Nick Singleton,West Virginia
Nick Singleton,William & Mary
